movementID,movementEdge,fromRoadID,fromEdge,toRoadID,toEdge,turn,count,totalTransitionTime,meanTransitionTime,p50TransitionTime,p90TransitionTime,p95TransitionTime,maxTransitionTime,meanTransitionTimeAll,meanTransitionTimeNonExtreme,extremeToNonExtremeMeanRatio,sampleVehicleIDs
7,7:-E12->E13:Straight,3,-E12,21,E13,Straight,13,2107,162.077,179,200,201.4,202,131.231,128.146,1.26478,155|272|310|312|314|330|347|377|385|386
38,38:E0->E4:Left,17,E0,31,E4,Left,3,228,76,76,76,76,76,40.6087,35.3,2.15297,180|210|332
41,41:E10->-E12:Left,18,E10,3,-E12,Left,11,5342,485.636,448,534,534.5,535,304.567,287.397,1.68978,272|312|314|330|347|377|385|386|407|411
48,48:E13->E0:Right,21,E13,17,E0,Right,3,47,15.6667,16,16,16,16,17,18,0.87037,180|210|332
49,49:E13->E5:Straight,21,E13,32,E5,Straight,21,3169,150.905,196,262,262,262,176.76,180.842,0.834456,117|145|155|272|298|310|312|314|330|347
53,53:E14->E13:Left,22,E14,21,E13,Left,11,24981,2271,2190,2617,2643,2669,1404.17,42,54.0714,117|145|180|210|298|332|350|364|435|444
70,70:E9->-E12:Straight,33,E9,3,-E12,Straight,2,608,304,304,335.2,339.1,343,225.105,223.901,1.35774,155|310
