subset,count,meanPredDuration,meanTruthDuration,meanDurationDiff,relativeMeanDurationDiff,sumPredDuration,sumTruthDuration,sumDurationDiff,relativeSumDurationDiff,maeDuration,mseDuration,rmseDuration,mapeDuration,biasDuration,medianAbsDurationError,p90AbsDurationError,p95AbsDurationError,meanPredArrival,meanTruthArrival,meanArrivalDiff,maeArrival,mseArrival,rmseArrival,biasArrival,medianAbsArrivalError,p90AbsArrivalError,p95AbsArrivalError,meanPredSpeed,meanTruthSpeed,speedBias,speedMAE
all,483,402.137,290.778,111.358,0.382966,194232,140446,53786,0.382966,276.567,229772,479.345,126.903,111.358,108,640,725.9,1064.63,832.211,232.416,394.3,373456,611.111,232.416,262,1065.6,1250.6,3.72414,3.26135,0.462792,1.55098
non_extreme,459,343.159,297.808,45.3508,0.152282,157510,136694,20816,0.152282,219.198,109727,331.25,64.9715,45.3508,99,625.2,648.3,986.998,824.832,162.166,332.514,241784,491.716,162.166,183,812.2,1084.3,3.89767,3.24999,0.647679,1.47139
extreme_only,24,1530.08,156.333,1373.75,8.78731,36722,3752,32970,8.78731,1373.75,2.52563e+06,1589.22,1311.35,1373.75,728,2488.6,2583.85,2549.29,973.333,1575.96,1575.96,2.89168e+06,1700.5,1575.96,1288.5,2488.3,2583,0.405435,3.47862,-3.07318,3.07318
