movementID,movementEdge,fromRoadID,fromEdge,toRoadID,toEdge,turn,count,totalMovementWaitingTime,meanMovementWaitingTime,p50MovementWaitingTime,p90MovementWaitingTime,p95MovementWaitingTime,maxMovementWaitingTime,meanMovementWaitingTimeAll,meanMovementWaitingTimeNonExtreme,extremeToNonExtremeMeanRatio,sampleVehicleIDs
7,7:-E12->E13:Straight,3,-E12,21,E13,Straight,13,2029,156.077,173,194,195.4,196,125.231,122.146,1.27779,155|272|310|312|314|330|347|377|385|386
38,38:E0->E4:Left,17,E0,31,E4,Left,3,198,66,66,66,66,66,30.6087,25.3,2.6087,180|210|332
41,41:E10->-E12:Left,18,E10,3,-E12,Left,11,5276,479.636,442,528,528.5,529,298.567,281.397,1.70449,272|312|314|330|347|377|385|386|407|411
48,48:E13->E0:Right,21,E13,17,E0,Right,3,29,9.66667,10,10,10,10,11,12,0.805556,180|210|332
49,49:E13->E5:Straight,21,E13,32,E5,Straight,21,2959,140.905,186,252,252,252,166.76,170.842,0.824766,117|145|155|272|298|310|312|314|330|347
53,53:E14->E13:Left,22,E14,21,E13,Left,11,24915,2265,2184,2611,2637,2663,1398.17,36,62.9167,117|145|180|210|298|332|350|364|435|444
70,70:E9->-E12:Straight,33,E9,3,-E12,Straight,2,596,298,298,329.2,333.1,337,219.105,217.901,1.3676,155|310
