group,routeHash,routePreview,firstEdge,lastEdge,edgeCount,vehicleCount,meanPredDuration,meanTruthDuration,bias,MAE,RMSE,medianAbsError,p90AbsError,p95AbsError,maxAbsError,underCount,overCount,underCliffCount,overCliffCount,underNearCliffCount,overNearCliffCount,severeAbsErrorGt1000Count,topAbsErrorVehicleID,topAbsErrorPredDuration,topAbsErrorTruthDuration,topAbsErrorSignedError,departMin,departMax,exposedModifiedSignals,modifiedSignalExposureRate
oversat_all,bb0c3598f044,-E19 -> E15 -> E4,-E19,E4,3,334,647.4011976047905,84.8443113772455,562.556886227545,562.6646706586827,664.2876198727232,824.0,900.0,906.0,988.0,4,328,0,169,0,197,0,oversat_all_veh_009338,1043.0,55.0,988.0,58000.0,67990.0,,0.0
ALL,bb0c3598f044,-E19 -> E15 -> E4,-E19,E4,3,1097,256.55241567912486,87.6052871467639,168.94712853236098,176.9690063810392,366.80052651736804,7.0,865.0,896.0,988.0,653,437,0,169,0,197,0,oversat_all_veh_009338,1043.0,55.0,988.0,0.0,115990.0,,0.0
oversat_all,11b6fa0ab926,E10 -> -E12 -> E13 -> E5,E10,E5,4,334,799.6167664670659,201.2994011976048,598.3173652694611,610.3473053892216,909.329117049362,192.5,1687.0,1714.0,1743.0,30,304,0,109,0,117,102,oversat_all_veh_002590,1851.0,108.0,1743.0,58000.0,67990.0,J17;J21;J22,1.0
ALL,11b6fa0ab926,E10 -> -E12 -> E13 -> E5,E10,E5,4,1223,301.5560098119379,141.46688470973018,160.08912510220767,187.13082583810302,477.6266250619946,14.0,332.0,1632.0,1743.0,858,365,0,109,0,117,102,oversat_all_veh_002590,1851.0,108.0,1743.0,0.0,79990.0,J17;J21;J22,1.0
